id,class
1276,C3
1333,C3
3011,A3
3950,B0
685,A0
3111,C2
1604,C3
4390,C2
13,D0
721,D1
1440,C1
4303,A1
658,D4
1662,C4
2692,C3
3088,D2
4351,A0
1843,D2
278,C4
2504,D0
4399,C1
3892,D3
3029,B4
4250,D4
1325,B3
1724,B4
1743,A2
2733,C0
1085,A3
1718,B2
1314,A1
2666,B3
2965,A0
3173,B1
1452,D2
260,C1
1305,D2
1558,C1
4382,A4
1643,C0
4799,B3
3505,D2
2764,B3
4899,B0
148,C4
3701,A3
1797,B2
436,C0
1567,D3
1977,C2
1175,A1
3577,B4
4640,C2
295,C0
1768,A0
1129,B4
960,D3
2603,B0
2671,C3
525,D2
606,A4
3515,B2
1232,A4
2480,B2
2110,B1
3186,C3
1783,B3
1886,A0
4813,D2
4184,D4
4326,B3
354,C1
3150,C1
1197,C4
2829,B0
2540,C4
4989,C0
3285,C4
3926,D1
1396,D4
394,D2
2166,D2
3573,A4
2772,A2
3858,B3
1661,C1
1199,D3
967,A2
432,C0
3112,C2
4901,B4
1987,A1
2963,B1
2421,A3
4871,A3
2913,D1
777,C4
3914,A4
4436,D0
3958,B2
1835,A0
2712,A3
3881,A1
4364,C1
4329,B0
355,A4
2599,B0
1960,A4
1683,B1
3162,B1
4301,B1
4698,B3
282,D1
2409,A4
1648,C0
153,A4
3793,B2
1868,A4
4765,C0
4888,C4
1847,C2
4492,A4
4125,B2
876,B3
448,B4
98,A2
212,C2
1262,C4
4617,D3
3195,D4
2200,A0
1493,B1
2838,C2
3785,C4
1780,B3
4160,A2
3940,A1
3147,D4
2795,A4
3490,A3
2748,A1
2951,B4
3627,B1
2042,A0
2964,D4
2336,B2
1373,C1
18,A4
1436,D4
2591,C2
472,B0
2338,C2
1431,A4
570,D2
4665,B2
3115,A0
285,B3
1962,D3
2317,D0
1024,A3
3905,D4
4586,B0
3630,C1
945,A3
586,C2
93,A1
536,D3
4076,C0
3836,C4
4537,B2
67,B0
43,D4
675,D4
2413,B0
232,D2
3194,A4
3461,C3
2819,B3
1030,C3
3449,D1
4372,B3
4369,B4
126,A1
4091,A1
4505,B4
3341,D4
4156,D2
426,A2
1664,D4
3474,B3
1270,D1
904,B3
66,C1
466,B2
881,D2
4555,B4
1457,D3
2007,A2
3893,D3
3812,D4
593,B2
3441,B2
1230,C3
188,B2
1516,D4
1686,C1
2983,C3
4185,D2
3553,C1
2140,B3
1670,D3
2268,D1
3675,A1
3775,B1
4423,B2
1792,C4
2615,A0
3216,C1
2642,C2
4070,D0
4670,C4
4310,A0
425,C0
1559,D1
1663,C3
3197,B4
4631,D4
4843,C4
258,D2
2682,B3
3003,B2
2507,A1
4570,A1
3820,B2
3772,B3
954,B0
2157,D1
1406,B3
3416,D3
210,D4
70,D1
3312,A1
633,B0
3109,C2
1488,A3
2466,D4
1769,A0
3565,B4
4506,D1
2689,D3
3540,C2
4869,B0
949,A0
4402,A0
4553,B1
1721,A3
749,D1
1773,D4
1188,D1
3087,B4
4602,C3
491,A0
2508,D4
4611,A4
2704,B1
2643,B0
3277,D1
3739,D2
4590,D2
2404,C3
4646,C4
3601,D1
1931,B1
2833,D0
1372,D1
2553,D3
1819,C4
2378,A0
2879,C4
4950,B4
4129,C1
2170,A3
1514,B0
1766,C0
3160,B1
3048,A1
2476,A4
2292,A4
3587,D2
1732,B2
4283,D2
4359,A4
3430,D3
609,A0
827,B2
2195,B1
4504,D4
4745,A2
4516,B0
4524,B1
892,D0
103,D3
2033,C4
372,C1
215,D3
577,B3
2881,C1
926,C2
702,C2
3874,A0
922,C4
228,A2
4027,D2
4345,B2
1041,B1
4673,C2
3137,D2
1701,A3
3110,A0
4162,B0
4144,B0
175,C4
559,A2
4692,C2
4905,B2
1777,B0
2484,A3
78,A2
3404,D1
3734,D1
104,A4
1466,D4
2525,C0
2728,A4
710,C3
1564,D3
3911,D4
2174,C2
3844,A4
2301,B4
4055,B3
557,C4
2470,D4
3742,B3
2280,C4
1288,C2
488,D1
1362,B2
3948,D0
941,C2
4378,B4
2893,A4
3464,D4
47,A3
2916,D3
3089,C2
319,C4
2294,B4
3136,A2
1791,D1
2189,D3
3852,A1
1363,C4
2506,C3
2414,D2
3212,D4
1565,C1
1180,A0
150,B4
885,D3
3685,C3
3637,B2
681,B0
4147,B1
4962,D0
3467,B3
1456,C1
3116,A0
3544,A3
173,A3
2459,A2
4739,A0
4006,C2
3217,D4
2207,A4
3012,B0
163,B4
3065,C0
3074,C4
267,C3
956,B1
1135,B1
1264,D0
2621,A3
4005,B0
140,B4
335,D0
3556,D0
3842,B4
1366,C4
3006,B1
1422,C2
961,A4
3263,A4
1127,D2
1828,C2
4495,B4
1845,A3
911,A0
4110,B4
2904,D0
2969,A4
1289,B0
4293,A3
4084,C1
3192,A0
4519,C0
4460,D0
129,B2
2562,B2
3584,A3
823,B0
3781,B4
3907,D1
2032,D3
2535,B0
641,A0
1147,B0
1212,B1
2282,D3
26,B0
3260,A1
3274,C1
2202,B3
3287,D1
1025,D0
2440,B0
4527,C1
2639,D0
2870,B3
2104,B3
3942,D2
826,C1
2899,A1
4559,A1
1985,C3
985,D3
4290,D3
2117,C3
1616,C2
620,A4
4291,B2
1682,A1
595,D3
2335,A3
1017,A4
361,C3
1375,C3
4715,A2
1321,C4
2970,C2
716,B2
910,B1
3148,D4
1739,D3
4996,B0
4623,A2
3972,D2
142,D3
2063,B0
708,A1
1462,A2
2138,A2
2059,C3
4116,C1
664,A0
1834,C0
2369,B0
2611,C3
4509,D1
500,D2
3451,C2
2874,B3
2245,C4
3491,B0
4703,C4
4525,A3
2839,C3
206,B4
920,A3
1075,C3
4890,D0
346,B0
4477,B3
3882,C2
1508,D4
1992,C2
1096,B4
1665,D0
1039,B4
1534,A1
1283,D3
2771,A4
2798,D1
4278,A4
3599,B0
321,D1
4532,A2
136,B2
4408,A3
4430,A4
2277,A0
977,D3
2927,B1
600,B2
541,A3
2309,A2
225,C4
2011,B1
2285,A1
3206,A0
2765,A1
1553,D2
4528,B2
4830,A1
4832,C1
1393,C4
146,B3
2718,D1
1229,B4
3261,D0
4908,C1
4740,D4
4451,A4
1744,A1
1891,B2
121,C2
1059,C3
948,A0
1557,D0
2,D0
3463,B0
1286,B0
2501,D4
3023,A0
934,D0
818,A3
1221,C1
583,D1
4919,A4
2454,B0
29,A0
3407,B3
1687,A4
4819,C2
2647,A3
1239,D2
4861,B1
3014,A3
3457,B4
2112,D0
1738,D0
2817,A1
4947,C0
2773,C2
3903,A2
1882,D3
2086,D3
3641,D4
4573,B0
244,C3
3774,C1
3318,D4
2044,B1
4153,B3
1083,A4
1778,B3
2250,D4
3522,A1
2717,C0
2462,A0
4063,A0
4817,D1
4895,C3
3259,B1
1044,D0
1073,D0
1140,A0
2387,A3
625,D1
4497,D1
1103,A0
1518,A2
1596,D3
4955,C1
666,A4
971,D2
723,A2
3885,C2
3712,D2
4913,B1
90,C0
2552,C3
786,A4
363,B1
4149,B2
2266,D3
330,C0
3503,C0
3001,C1
3099,B1
4305,A0
4914,C0
1898,D3
461,C4
2669,B2
1125,D1
4270,C3
1058,A3
2716,D1
2942,C2
651,A2
243,C3
3665,A3
4775,A4
1124,A4
2134,B4
2256,A0
2193,B2
4026,A4
955,C0
835,B1
265,C3
2789,C1
951,D1
2992,A2
2065,C2
4924,C3
3571,A0
4235,C3
2738,C4
2214,C4
1741,A3
3777,C0
1957,C0
4412,C3
1856,C0
482,B3
912,A2
3481,D0
2563,D3
4452,B1
621,D1
22,C3
4891,C0
4725,D2
123,C0
4620,A4
916,A2
3928,D3
4636,B4
4966,D0
4174,B1
2267,A2
4635,C2
819,D4
4114,A2
634,A1
2644,B4
3900,A1
3080,D4
3239,A3
1672,C3
1944,C1
4238,B0
1908,C4
2710,C0
1237,D4
2843,C1
816,B1
1306,C3
2794,B0
2151,C1
836,D2
2025,C0
1593,B2
4409,D2
317,B0
1555,C3
31,A1
3436,D1
343,C0
328,A3
817,C4
1619,A1
3636,B3
353,B0
4161,A1
720,A4
4122,C1
1603,C3
1404,A4
1982,B2
667,A0
1,A0
1311,D3
2119,B2
193,C0
4529,D0
2437,B2
490,D1
3557,D4
1542,D2
2420,B3
2015,A1
3538,B4
3242,D1
1132,D3
2009,C4
4885,A0
44,B3
3576,C3
1774,B1
2092,C1
2388,A1
2530,B3
82,C1
1244,D1
1735,C3
2605,A2
1492,B2
1297,C2
4780,C2
4811,D0
975,D1
3366,C4
4227,D1
3233,D2
1423,D0
4873,B2
32,B1
872,D4
2146,B3
1066,B4
4511,D1
2869,D3
1191,B2
2305,C2
2127,A2
3823,D1
3897,C1
2495,B1
637,A1
4004,D4
3428,D1
3085,A2
1277,C0
4346,B3
1227,C4
1497,C2
2780,C0
3376,D3
4932,C4
4612,C0
1830,A0
2129,A2
539,A1
3923,C2
264,D4
364,C4
2194,C2
375,D4
4701,B4
4327,D0
811,B2
1633,C0
1177,A4
2228,B0
2490,B1
180,D4
846,B1
1858,D3
3790,C3
3381,B2
3411,D1
2974,B1
1102,A3
475,D4
3997,A0
395,C4
4056,B0
4105,C1
3223,B4
2417,D0
1353,B0
1302,D0
3592,D2
2130,A3
4572,A4
2632,C3
1917,D1
1407,C2
3460,A3
2203,B4
1185,C1
4057,C4
2758,A1
3293,C1
1748,B0
1972,B3
4444,B0
4839,C4
1966,C2
2123,D0
3733,C0
2125,A0
3880,C0
4029,A1
2961,A4
1795,B2
2937,A1
1292,B2
3,C2
4808,D4
3629,D1
3865,D1
3297,A0
4020,D2
3365,B3
3267,A0
3406,A3
4852,A2
584,B1
339,A4
4178,A2
4983,B2
2956,C3
989,D0
573,B3
2017,D0
4315,A2
1851,B1
2169,A3
3608,C3
1455,A1
513,A0
3386,A1
273,D2
4065,D1
4258,C0
4672,A1
2474,D2
879,A2
4615,D3
624,A1
3625,C0
2359,B3
332,C1
4183,A2
2851,B2
2031,D4
2597,B1
1061,D4
417,A1
2395,C4
2054,D4
591,A1
3531,C2
3998,C3
889,A1
2293,C3
52,A3
3533,C3
715,A1
3247,A3
1242,B4
2690,C4
4855,C1
4066,C0
1758,D4
203,A1
2766,B1
388,D0
1173,B2
263,C4
3040,D3
80,C3
1210,A4
758,D0
4751,B2
2116,B1
923,A3
622,C4
1348,B1
411,D1
2629,B2
4210,D2
3699,B2
3995,A4
239,C0
410,B2
563,C4
4728,D3
416,A2
1991,C2
4010,D3
3067,B1
2053,C1
1512,B2
4077,B0
548,D4
1339,B4
1469,B2
2114,D1
580,A3
3835,D0
3132,C0
964,D3
965,A3
2218,B1
1673,D2
1454,A2
1344,C1
2768,D4
3232,A4
993,A4
2968,B1
167,A3
4175,C4
2081,A3
3058,A0
3354,C2
2531,C2
4496,C0
2729,A4
4145,A0
3185,A3
663,C3
247,B1
3251,B4
1467,D0
2990,B1
252,C0
2601,D3
840,D1
4482,C3
200,A2
1365,B1
2673,C3
1520,A0
3615,B3
4599,B1
4750,C2
406,A2
3965,C1
3743,C4
2775,C0
1625,B3
1296,C2
3951,C0
4375,D1
3659,D0
4986,C0
4139,B0
2547,D1
1630,C2
1315,D0
4510,C0
3509,B2
631,C4
307,A2
58,C0
3801,A4
4445,A4
2888,A0
802,C2
3004,D4
1411,A3
2330,C3
2160,C4
4048,A1
1485,C1
4771,C3
4277,A1
275,A4
549,B0
1854,D3
3794,A2
3037,B3
4320,C4
3617,C3
4044,B1
3856,D0
2714,B0
3588,A3
3128,A3
2022,D4
2953,D3
3486,C2
832,C0
407,B4
3922,B4
2334,A1
3862,D4
1330,A4
4828,D0
1504,B4
3703,C3
2736,D2
1502,A4
1152,A3
1388,D1
2370,B1
120,C4
4003,C3
455,B2
2136,D0
2735,A1
357,B2
4068,B3
2337,A2
132,D1
2443,B1
4709,B2
3229,D4
764,A4
4746,B4
4963,B3
2297,C3
935,B0
4349,C4
4802,A0
3693,B4
3434,B1
1358,A4
2815,C1
1169,A4
139,C2
1671,A0
509,C3
918,C0
4574,D3
3894,C4
2428,B1
3270,D0
69,B0
774,A4
719,D1
4605,B0
3304,B4
4336,C0
2685,C1
2887,A0
3791,A4
1213,D0
4667,C3
4360,C4
3171,A1
2314,B2
4179,A3
980,D1
4660,D3
1011,C2
3766,A1
1990,C3
4981,D2
508,B0
4214,B3
48,B3
1101,A4
201,B2
3704,D3
649,D4
403,C4
3455,D1
4931,C2
4251,C3
182,A1
3986,A4
3146,A4
2088,A0
2679,B4
2064,C2
3237,B1
1849,C0
2581,A4
643,C0
3808,D2
3008,D0
1473,B0
1470,A4
915,D0
1823,A0
3564,A4
4592,A3
2551,C2
2549,C3
1742,C4
257,B1
3175,C3
1893,C2
2676,C0
1335,B0
999,B3
3631,B3
4447,A1
4834,A3
2793,B4
3373,D1
3769,B3
2008,B2
2741,B1
1200,C3
610,A3
4398,A0
2686,A2
2592,D3
3847,D2
4078,A1
1923,B0
4956,C3
2609,B0
2631,B3
1524,A0
3902,A4
3043,A2
1881,D4
3480,B4
1126,A3
1998,C2
208,B3
4903,D2
662,C4
1364,B3
3051,B2
4694,C4
4708,B3
1635,A3
2257,B0
671,A3
1240,D0
1644,D0
1541,D2
2057,C3
572,C4
2045,D0
255,C0
4036,C3
4008,D1
1591,B0
277,B0
39,C1
3822,B0
1266,B2
3353,A2
1696,D4
740,A2
380,B2
4851,B1
858,A4
626,B0
3139,C0
3696,C3
4426,A1
673,C0
1108,C4
4566,D4
419,B1
4753,B4
574,A3
4094,D2
3558,A3
334,D0
4541,C0
3278,A2
851,B1
3722,D1
1445,D1
4324,C1
3355,D2
4425,A1
3530,C1
4502,D0
2392,C3
2804,B0
767,D0
2343,D4
4549,D3
2513,D0
2654,C4
2820,D0
868,A3
4384,B4
1033,B1
3288,C0
893,B4
2351,C1
629,C2
4273,C4
1259,A0
1419,D1
4663,C4
2418,B4
2720,C3
863,C3
4355,C3
4080,A0
4371,B0
1533,B1
2627,C4
2435,C0
2783,B2
4621,A3
4790,D1
1812,C0
1717,B3
2046,D0
1799,C4
2994,B1
921,A4
4441,D0
2410,B1
3610,D4
2889,D1
799,D4
2074,B3
2173,D4
829,D3
4449,B2
484,C3
2352,D4
2650,D4
4766,B4
3443,D4
2560,C4
3400,A0
2432,C1
1757,B0
2255,D2
4067,A1
4340,C2
1796,D0
1839,D3
3415,D4
4405,C2
4762,B0
179,B3
1008,B0
4923,B0
1691,A2
1831,D0
1359,A2
1935,C3
527,B3
849,B4
1599,B1
2831,B2
692,C0
327,D2
2613,A2
19,A2
3106,C4
101,C3
207,D4
4881,C0
589,B3
1234,A1
2275,A3
4653,C4
3057,C2
4064,D3
3519,B4
1921,C1
2776,B2
4259,D1
4847,D0
4734,A4
81,A1
733,D4
991,B2
4840,D3
3809,D2
4154,D4
3077,D1
73,C2
3765,B3
3878,A3
3340,B3
2155,A3
900,A1
3396,D3
4347,C1
4685,B2
4797,A4
958,A1
1280,C0
2356,C0
1888,D1
3280,D0
4450,B0
1184,C3
3240,D4
1842,D1
693,B0
2823,B3
4794,D2
2477,D4
1360,B3
3908,B3
1802,D0
1873,C0
4940,A0
4954,C2
495,C1
596,B4
286,B1
2625,D3
1275,C3
4744,D2
341,A4
2051,B0
1089,C2
3639,D2
761,B1
316,C0
1785,D4
3134,C4
997,D3
2778,A4
4072,B1
1238,A0
4614,C1
3661,B0
4557,C3
653,C4
4634,A1
585,D2
957,B4
2461,C2
674,B1
4906,B4
2422,C2
1647,D4
2036,D1
3738,A2
379,C2
699,B3
795,B4
676,D1
1817,D1
1136,D0
1481,B1
1651,D0
4415,B0
898,C4
2093,A3
1733,A4
2087,D2
4774,A1
3159,D3
4121,C4
2083,A2
4494,A1
4024,B4
168,B0
974,B3
540,C2
1376,B1
530,A3
4781,D4
4768,D4
4943,C2
4109,C4
3093,B2
4961,D0
4456,C3
3120,C0
1343,A0
888,C0
1070,D1
656,B2
3214,B4
4915,A0
1586,B1
4093,A4
72,B1
1211,B3
1925,A3
3843,A3
1390,D0
2361,D0
3719,D1
2564,D0
4317,A0
2852,A0
1805,B2
1182,D1
2876,C3
2101,B0
1189,C2
191,B2
3075,A3
4240,D3
785,D3
796,A4
3606,B2
2168,A0
1688,C0
2185,D4
2047,D1
1628,C4
3684,D3
2554,D1
3230,D2
3826,C2
1458,D3
1707,B3
3920,C3
1219,C0
2860,B0
4735,C3
2284,A1
446,A2
3117,A3
1513,A3
1179,B0
4884,B4
302,C4
4892,C0
4683,B0
3886,C3
3861,A2
4927,B0
237,C2
3626,D0
1826,D4
102,C3
145,A0
4490,D1
3351,B1
4092,D1
314,C3
1965,C3
2201,D1
4466,A4
644,B2
459,C2
2324,B3
1099,C0
235,A0
2082,D4
1463,D4
3222,B2
1342,A2
157,B0
4071,C4
3644,C2
4999,D3
3438,C0
0,D3
291,C4
1131,C0
3521,C2
342,D0
2456,B4
4893,B3
901,A2
4431,A2
4977,A1
3219,D4
170,B2
1793,A1
4245,B2
2971,D1
413,B3
1967,D4
3498,C0
2489,A1
2855,C3
2761,D3
4187,A4
1115,C4
3133,B0
4416,C3
4922,C2
3281,D1
3284,A1
4306,D1
2184,C3
2381,A2
108,D4
3672,D2
2732,C0
4579,D2
3189,B3
2502,C1
3068,D1
1561,A2
2509,B4
3091,C2
3989,C0
4103,A4
1317,A1
4941,B3
959,A4
3140,B1
1255,A3
1095,B3
587,A3
2209,C2
4803,D3
1384,B3
1123,A1
3987,B2
578,B4
4276,D3
765,B1
4013,C2
4295,C3
4934,D4
4652,B3
3204,A2
1731,C1
4446,B1
2757,A2
738,A3
1875,C2
1014,B0
3081,D3
1166,B4
4822,D3
2610,D0
4829,A0
3583,B3
3600,B2
49,A0
1969,C0
1850,B4
2219,A2
2670,C4
3620,C3
1028,A2
2541,C2
1829,B4
1615,B3
1750,C0
1048,C0
3145,A1
533,C1
2853,A1
283,B0
4322,A2
1914,B0
1765,C0
3042,B2
571,D0
798,C3
2656,B3
2816,C1
337,B3
1246,D2
805,B0
2498,B0
1290,D2
2721,A4
3552,D3
2486,B3
983,A0
2595,A1
3156,B2
3343,C2
2836,B1
1274,D3
161,C2
350,B2
1638,B4
4267,D1
2237,A2
1760,D0
1818,A4
4965,C4
4334,D1
2448,D4
4201,C4
3980,C4
3860,C3
1432,D4
3959,D0
4414,B0
4475,A1
2857,B1
909,B1
3934,C2
2062,C1
1281,C0
4946,B0
1876,D0
2345,C2
1441,C0
1968,A2
3124,A2
3039,C0
365,A1
1100,D0
3144,B0
1552,D1
4119,C0
299,B3
1130,B2
546,A4
4128,B3
1623,A2
134,B3
4576,A3
4086,D0
4284,C0
1015,D4
1141,C1
4907,A3
3845,C2
4877,B3
2090,A1
320,B0
387,C1
3097,B0
952,B4
423,C2
551,B4
3073,C0
3066,D4
1775,B4
224,C1
2208,D1
2667,C4
3255,C0
2824,D2
1729,D1
1606,A1
4889,A3
2224,D0
4282,C3
1165,D2
3475,B4
2865,C0
2809,D0
3344,B3
4868,A3
4387,D2
1042,B2
1022,C1
2100,D4
1598,C1
2805,C0
4197,A4
2162,D4
4796,C3
1693,D3
293,D1
1951,B0
4788,C0
3070,A4
3482,C0
3864,C3
714,B4
2866,D2
682,A0
3418,A1
4953,B1
972,C2
3850,B1
1751,C1
2286,A4
3379,C4
713,D2
4583,A1
3590,A1
3019,D0
3853,A0
1450,A4
973,D4
3688,D0
4742,B1
1368,C0
4693,B0
809,C3
4485,A4
1233,D4
4281,C4
1961,B1
4061,D1
2308,D4
3927,D0
2416,C2
865,D4
4181,C2
441,A4
1316,B3
1609,C1
2287,D3
2995,C0
1000,A4
4993,B2
3444,C4
564,B1
709,C1
2986,A1
1981,C2
1471,D4
62,B2
1420,A2
1430,B4
1874,A3
2029,A2
4814,D4
2674,B0
3753,B4
348,B2
4218,C0
1705,D0
2957,D1
3748,B4
4045,C3
3575,D1
2749,A0
1045,B2
2227,B1
3978,A4
2545,C4
4229,B4
125,C1
782,A4
3448,A1
2319,B4
3360,B1
1120,D0
4867,B4
3580,C0
3652,A0
4595,C3
4543,B4
233,D2
4562,B2
1523,B1
1216,A4
2279,B4
447,D4
4023,B1
4836,D2
522,D1
3757,B0
2902,B3
3268,B3
3262,B0
4848,B3
3586,D0
4632,A3
1697,B4
887,A3
4462,B2
895,C1
812,D3
1374,D1
2996,D0
4604,D1
4192,D1
4127,C2
884,D2
2349,D0
2841,D1
2132,A1
4376,C2
694,C4
1026,A0
1808,B4
3969,C3
4312,B1
1019,D4
1938,B3
1433,B2
3786,D2
2384,A1
17,D4
645,A2
4169,B4
763,D0
2649,D0
2158,C2
3292,D4
3976,C4
3349,D0
1018,D3
1656,D4
4205,D2
1946,C2
492,B3
833,B0
4805,C1
4994,C2
1698,D2
639,A2
2347,C2
2199,A0
917,D2
2163,C1
659,A3
1029,D1
1222,C3
793,D3
2161,C1
3241,C4
23,B0
1040,A3
4058,D4
1562,D1
4726,A2
946,B4
1204,C4
3711,D0
2178,C2
1501,C1
1291,C1
1903,B3
582,A4
996,C0
1236,C0
4997,A4
3348,B4
450,D3
4488,C3
1355,C3
746,A2
381,C0
3752,C4
1146,D2
1322,D0
4370,C3
3954,C3
2322,B2
3282,A1
560,C4
3202,A1
2807,A3
1205,B4
1551,A0
270,A1
1186,C4
4335,C3
4508,A2
2239,A0
2908,C3
1608,C3
1939,A0
2608,A1
3657,B3
1929,D0
1068,C0
3256,D0
4321,A0
164,C0
1685,B3
1464,C1
1460,B2
1341,C2
3291,C1
2004,D0
2945,C4
1386,B2
1418,D3
4560,D2
3899,D3
4658,D1
3607,A4
3578,C2
4300,A1
4269,C4
2875,D2
3649,A2
2762,A3
4535,A4
3370,C1
3953,C3
4392,D1
4514,B4
1195,C4
2985,B4
1268,B4
3740,C2
2234,A4
2135,B0
3678,B1
3510,A1
2289,A3
4217,D1
4168,D4
4668,D0
315,C0
3706,C2
4659,A1
3181,C1
2897,C3
3890,A3
3305,D4
3720,C2
2919,B4
4846,C2
4696,C1
3303,D1
4547,A3
4952,C0
3016,D4
4896,C4
1334,A0
430,A0
1340,B2
724,C4
4401,C1
4465,C0
177,B0
697,D0
2076,A1
3164,C2
2935,C3
25,B0
349,C3
3478,A0
3788,A1
464,B1
4112,B2
1525,B4
4158,D4
3732,D1
1699,B1
4917,A0
1545,D3
1911,A2
4025,B2
2587,B4
284,C3
4649,D2
987,D3
4680,D3
1163,B2
842,B1
4979,D4
4849,D0
2672,D0
1202,D4
4748,B1
4776,C0
4970,B4
272,C0
4186,D3
4835,B2
4265,D3
3889,A1
4120,D0
750,D3
4479,C2
3982,D3
452,A1
377,A3
4675,B4
3310,D0
3200,A1
1160,B0
2407,C2
1442,A4
2885,A1
1602,C0
4949,A3
2734,C3
1887,D2
4831,D3
2744,D1
4126,B0
3566,D3
3176,B3
3674,D2
4526,A1
2849,B2
4165,B0
514,D1
4060,A4
2281,B2
1007,A1
3028,D0
950,A0
4148,B3
2444,B0
2559,D1
4268,A4
1251,A3
3673,D1
174,A0
3485,A4
701,A0
4344,C4
4613,C3
4512,B3
4059,B3
3114,B4
3574,D2
3161,C0
113,A1
2375,B2
743,B4
2665,D2
4458,B2
3879,B2
4260,A2
556,C4
598,A3
4596,B1
1890,C1
2589,B0
3294,B1
4081,D3
642,D3
2678,B1
4763,D0
1575,A0
2846,D4
4975,C4
1437,B4
1067,C2
938,D3
820,D0
198,C1
3891,D3
1112,C3
4982,B1
4826,A1
1176,B3
986,D3
479,A1
4099,D3
433,A2
605,A3
2423,A3
435,C2
717,C0
1771,C0
3472,A4
929,D0
4209,C0
1494,D2
3681,B1
2948,C4
2582,A2
3220,B2
2753,C4
2482,D2
1475,D1
2792,D4
4272,A4
2848,D4
3906,C2
1867,D0
1636,A4
712,C3
4381,D1
2321,B4
4639,D1
3272,A4
1034,A3
604,D0
4108,D2
3525,A0
2550,D3
831,C2
2300,A3
2360,B0
4622,A3
2192,A2
4011,C4
2171,B1
1841,C4
3671,C1
1351,D0
2094,D2
2719,C0
1554,B2
592,C2
3265,B4
21,A2
4974,D3
477,C3
1537,C1
1883,D1
1482,A1
1051,C2
4662,D3
4206,D3
4157,B0
3839,A2
1313,B4
2291,B3
3828,B2
2510,D1
3033,D1
617,C2
1815,A1
3056,A0
2095,C3
3054,A4
2973,A3
3952,A4
735,D2
1566,C4
1539,C0
1677,B1
2755,D1
2079,A0
2555,B2
1913,C2
439,B2
2342,D3
308,C0
287,A1
2128,D1
422,D0
3619,C0
2270,D3
3454,A0
695,C1
4795,A3
4323,C2
4580,D4
4464,B3
2341,C3
1759,C3
2731,D0
730,D0
4223,D0
3651,A4
1109,A2
853,B3
4134,A4
3838,D1
2221,A0
1790,B0
3322,C2
4499,B0
2871,B0
2483,D1
1509,D0
2646,D4
4880,C0
3834,C3
2894,D1
4395,D2
4858,A2
1716,B4
1498,A2
4234,D4
4481,C1
3990,B4
2258,A0
2159,A4
4242,C0
3437,C2
1948,A4
2706,A2
4578,D0
4200,D3
1726,D0
870,C0
71,B0
376,D2
2684,A2
481,C4
2825,A3
1918,B1
1069,D2
2868,B4
1461,D0
4936,D4
4645,D4
2328,B4
4442,B3
2975,B4
2302,B2
3520,B3
3901,C1
2248,B0
3762,C4
3083,A4
390,C0
4254,D0
845,B4
3535,D2
251,B4
399,B3
3605,C3
1118,A0
2137,C0
1531,A0
1256,B3
2491,D0
908,A0
306,D4
6,A3
4789,A4
4618,C2
3398,D3
4942,B1
1754,D4
744,D4
2148,C3
3456,D0
3873,C1
1755,A1
3403,A2
1148,A2
2844,C3
4285,A4
1889,C0
4275,D0
3424,D3
1833,D0
2492,C3
905,C2
4,D1
3513,B3
566,D3
2521,B3
3372,B4
94,C0
1878,C1
928,B2
1825,D4
3108,B4
1927,D4
4707,D1
4883,D2
24,C0
92,B4
1491,A0
3084,C0
648,B3
875,A1
1107,C4
1198,C4
2252,B3
3763,B0
1703,B2
1076,A1
2070,B3
2863,D0
1295,B4
2348,D3
4367,B4
1761,B4
2073,A3
2614,A0
2604,C3
1117,B0
1231,C2
855,B0
3458,B1
838,B4
1660,C1
4850,A3
1301,D2
486,A1
3751,A0
1579,B0
2861,C4
2594,A2
2419,D4
3594,C4
378,D1
2379,B3
4773,A2
635,D1
2925,A0
4682,D1
2842,C2
2167,B4
3680,C1
1380,C3
919,C3
2989,A1
3121,A3
311,B3
1522,C2
4782,A3
2651,C1
4356,A3
4357,A2
4385,D2
776,A4
2500,C0
3492,D2
3534,B1
2225,C1
4028,C2
2411,D4
2750,B3
623,B2
4764,C2
2398,C3
2742,B4
3813,D4
2318,D1
4100,D4
1988,B1
2442,B1
4886,C3
89,B2
4757,A2
4037,C0
3315,B4
925,C3
4418,A4
3582,B3
3694,C1
4255,A1
4948,C0
542,D1
1994,A4
4534,B4
3735,D3
3679,D0
2472,C3
3867,B3
3968,C0
162,C1
2803,B1
451,A3
3537,D3
1715,A4
4354,C0
4569,C4
4972,B2
2668,C3
1071,C1
3149,A4
2626,C2
2619,B3
4809,D3
4111,D2
3182,C4
1088,A1
2954,B4
792,C2
3779,D4
1145,A2
1958,D3
2196,B3
483,C4
1273,C1
75,B4
2441,A3
3327,D4
2943,D3
931,C2
1144,C4
1091,D0
3502,D1
2663,B3
2122,A1
4565,B4
3103,A1
1299,C0
1538,B3
2941,C4
825,D1
3391,B3
1747,C1
689,D2
1789,B2
1612,A2
3476,D3
688,D1
141,A4
669,B3
731,B1
2697,A0
2304,D0
196,D4
4761,A1
20,A2
226,D4
408,B2
2401,D1
4262,C3
4564,B1
1905,A0
4096,B0
1624,B0
473,D4
2027,B3
1060,B4
1844,A0
594,C1
2962,C4
2120,B4
4193,C1
3107,B3
156,D1
4749,D3
3168,B1
780,A0
939,D3
2931,D0
107,C3
1208,D4
340,D0
2878,A0
4971,A1
2144,B1
521,D3
4967,C3
1989,B4
1087,A3
2628,D2
933,A3
2517,D4
2313,C0
942,D1
4406,B4
962,D1
3447,A1
1505,D4
2976,A1
4629,B1
2814,C2
903,D0
1631,A4
614,A1
3086,D1
1050,C4
4598,A0
4588,C4
512,C4
2743,B4
1496,D2
4443,B0
772,C4
229,D0
4798,D0
2233,D1
2493,C2
4469,D3
3568,A3
534,D4
4225,B1
705,D3
683,C3
4995,B0
3945,A1
3705,B2
3390,B2
924,C4
1837,B3
489,A4
2769,A2
4792,A2
1676,D0
794,B0
1310,D0
2102,C2
248,C4
2909,C2
4679,D4
3758,D1
4350,C1
227,B2
2339,B4
2320,A1
2262,B0
3301,C0
3961,D1
3227,A3
3368,A0
2779,B0
880,C2
428,C1
2845,D3
2746,C1
1629,D0
3662,B0
2777,B1
1681,D0
2450,C1
1443,D0
2812,B4
4338,A3
1114,A4
76,A3
4700,B1
2518,B3
105,C4
1401,C2
2698,B2
4769,C4
1954,A3
3357,D2
4196,A4
3800,D1
1345,C3
3539,C0
510,B3
2756,B1
2181,B2
437,A0
1776,A1
3670,B1
3224,A1
1415,B1
2232,A4
3167,A1
4756,A1
2109,B0
797,D2
4600,A2
2624,C0
1877,A2
1694,C2
852,D2
1224,D3
1511,A1
250,A3
3870,A1
2578,C1
1308,B1
2249,B1
862,B4
3113,A1
2516,D1
4841,A2
2528,B1
3612,C3
4699,C2
2246,C2
3399,B1
597,C0
2737,A3
4724,C3
1013,C3
3875,B2
3921,B1
4531,C1
2026,D2
1657,D0
1836,B2
3329,B3
807,D2
1228,B2
4677,B3
1578,C3
1016,C1
84,A3
1899,C2
1284,B2
1563,D0
3279,D0
2979,D1
2143,B2
1770,A1
728,A4
2585,B2
2713,B1
4085,A0
1857,C1
873,A3
3857,A4
2331,B1
3855,A2
124,C3
2890,C2
3593,C4
4517,D1
3871,D2
3883,D4
1942,B3
2576,C2
4770,D0
2259,A1
3760,A4
1618,D1
2813,D2
2303,C2
485,B0
2084,A2
3369,B2
1031,B3
3226,A4
4413,D2
1261,D3
1546,D1
1243,A2
1054,A0
3754,C4
4711,A4
2934,C1
331,C0
579,C0
4552,D3
2786,D0
1809,C3
1723,C4
1149,A4
4854,B4
2010,D0
1909,B0
788,D2
61,B1
3382,C3
3551,A1
3944,D4
4567,B1
3545,C4
366,A3
3585,D3
404,D4
2707,D0
3979,C4
2355,B0
718,C4
3589,B2
616,C4
565,D0
2447,C0
2912,A1
2837,C2
1943,A1
2759,D4
3656,B4
2393,C4
537,A3
74,C1
3581,A1
4098,B4
4152,A3
1952,D3
3302,D4
2571,C2
1863,B3
741,C0
338,D4
3423,D1
4737,B1
2426,B0
3887,D3
981,D0
2588,B4
2405,B1
4104,C1
3597,D1
351,C1
2049,A1
1976,A1
3076,A4
1594,C3
4101,A4
2910,C3
2240,B2
4718,A0
4124,D1
727,D0
1282,B0
882,A1
2452,D2
2936,C4
4879,D1
1331,C0
4102,D3
3000,A0
4721,A1
1187,A0
3773,D1
3082,D0
1272,C3
1734,A0
3435,B3
1517,C3
152,D3
2832,C3
1712,A1
356,B3
3320,C4
3203,A4
505,C4
28,D2
567,D0
4544,D1
3409,A2
3026,D4
3687,B0
2089,B1
2325,C2
568,A2
4875,D1
192,D2
2497,A4
3999,A0
1403,C3
3179,C3
994,D3
1394,B0
4821,A0
1922,A3
1156,D0
1159,A1
2675,A4
1548,B4
3741,B1
4348,B2
4558,C0
2072,A1
2251,D2
4203,A2
1323,A0
3846,C1
3829,C0
57,B1
1043,A0
602,B0
4304,B1
1620,B1
2002,B3
2389,B2
4296,A2
4007,A3
3330,A4
1652,D4
3323,C3
2802,C3
4507,D2
804,B2
704,C1
3910,A3
1869,A4
476,C0
3101,A1
2295,A2
3046,A1
3737,C3
4383,A1
3632,D3
205,D2
751,B3
1684,C4
392,C0
3245,D2
4143,B1
3529,D1
1400,A4
4594,B2
2363,B2
2701,B0
3308,A4
839,A3
3283,C1
2464,B2
12,C3
3663,D1
3210,D3
4503,C1
828,D0
2078,C4
753,B2
550,D4
2061,A3
1924,B1
1395,C4
77,A3
359,D2
4089,B0
679,B3
1327,C0
561,C2
4678,C3
60,A1
896,C3
1503,C1
3135,B1
1536,C2
3002,B2
4054,C3
2043,A2
866,B0
3677,B0
4074,A3
575,A0
2400,A0
1303,C0
3062,B4
3397,C3
3188,B4
87,B0
891,B4
2115,C3
1486,C1
4733,C0
2383,A0
4681,C3
3975,A3
1421,C1
4545,C1
2204,A4
4856,B4
1010,B3
1078,A0
2479,C0
2988,A3
3624,A4
3642,A3
3231,B1
3196,B0
115,C2
1840,C1
3252,B1
3163,D4
3071,A0
970,B4
3151,C4
1049,D0
2475,D0
202,B2
1824,A2
2896,D2
501,B1
4332,A4
1782,B0
4845,D3
2055,D3
1810,D2
1397,D1
3427,A1
618,A0
2121,D0
3154,B4
396,D3
4052,C4
4207,B0
2770,C3
204,B4
3266,A1
3311,D3
576,D3
1356,C0
4538,A1
4019,A1
3035,D0
2980,A3
3143,B0
4910,D1
1429,C4
3190,B3
2365,C0
4041,B4
2709,D0
3736,A1
2700,C0
3432,A0
3383,A0
3514,D2
3548,D4
4857,C1
3664,D2
2223,A0
3970,C1
3191,D2
4288,C0
3170,B4
3497,B4
3796,B0
1720,D0
117,D3
4874,B2
4530,A1
2677,B0
249,B0
2938,C3
2752,C4
3468,C1
456,B0
3756,D1
269,A0
1037,A4
661,D3
3205,A0
1852,C3
4083,B2
1634,A0
2687,B0
1271,A1
3518,A4
4550,A3
2075,B1
3053,C0
707,A0
3729,C3
3859,C0
886,A3
2926,B1
2822,C3
1600,B1
4309,D0
762,A0
1740,D0
1158,A1
3408,D2
4876,B1
4095,D2
1217,B2
1113,B3
907,C2
4137,C3
1700,A1
2316,D4
1294,D2
1416,B3
4759,A0
253,D3
3118,A3
368,A4
2000,D4
1260,D4
2307,D3
1984,A0
3810,D4
3933,C4
4476,D3
745,A3
4012,B1
440,C4
4878,A4
2425,C1
2653,D2
3876,C1
3635,B4
3452,D0
4362,A4
325,A1
4031,A1
3174,A1
3668,D0
700,B3
1105,A4
4548,A3
4702,C3
3119,A0
3570,A3
2705,C1
3963,D2
1489,D4
3473,B0
1328,A3
3943,D3
1447,B4
4865,B4
310,B3
2056,D4
14,C3
1435,C3
2458,C1
4319,B4
2782,B2
1428,C4
420,C4
867,D0
3007,D1
1813,D0
1934,D0
2385,C4
2598,D4
2377,C0
1996,A4
462,C2
53,D3
1801,B2
4712,C3
2918,B1
3129,A0
3466,A0
4738,D3
4487,D0
3747,A0
4894,B3
1901,A1
2884,C3
1627,D3
1543,A0
3517,B4
35,B0
787,B4
181,D1
3489,C1
2862,A1
781,A0
292,B1
874,A3
3692,C1
4484,D1
4964,D0
4391,B2
4022,A4
2950,D0
2920,A3
2960,B1
4040,D2
3422,C2
3716,A2
4437,C2
3253,C3
4433,D1
3559,B3
1385,B4
4732,A1
4302,D1
4791,D2
4352,C4
1062,C2
2892,B3
290,A1
1904,B1
1798,C1
1449,C3
27,C1
4807,C4
4292,B3
3541,A0
4540,C0
3932,C1
3394,A1
4720,C2
54,A4
1153,D1
2590,C0
2415,C0
528,D3
1680,D1
3494,A4
189,A1
3321,A2
773,B1
3326,C1
4603,A4
2034,C0
1822,D2
344,B2
902,B2
1605,B1
1722,C4
4523,D4
2532,D3
4365,D1
2235,B4
1409,D4
1012,B4
3821,D2
3208,D2
526,C0
1832,C1
418,B4
1235,A3
4916,A3
3676,B4
4474,D0
4816,C4
1544,D0
1009,C2
4021,D2
4489,C3
4455,A0
841,A2
4654,A3
4261,C2
3102,A3
4575,B1
4107,B4
2981,D4
1104,D0
166,B2
612,D0
4872,D2
3759,C4
4824,D1
497,C1
2544,B4
3338,B1
2767,B2
2546,B2
133,C0
3550,B2
1838,A2
3332,A3
469,A3
2099,D2
2850,A3
3730,B2
3063,C2
824,B2
2730,A0
3811,D1
808,B3
3562,A4
4180,A0
4606,B4
2880,C4
937,A3
2527,A0
3052,C4
2556,A2
739,A1
706,A3
4597,D0
110,A1
899,A3
2430,B1
2924,A0
2616,C4
4483,A4
1293,B1
3988,D4
2648,D2
397,B2
2012,D3
2787,D0
524,B0
3683,C1
2210,B1
2907,B1
4087,D2
2828,A1
3362,C1
2164,B4
4787,A4
454,C0
2142,A4
3499,B4
1610,B4
2827,A2
1571,C3
4135,B1
988,C3
4959,A4
1090,B2
3783,C4
1168,C1
2542,D0
2060,D0
523,A0
4486,A3
1097,D4
4411,B1
2438,B4
3337,B4
1402,A2
1465,C3
427,D1
3686,B0
1568,D3
3199,D4
2774,C4
3764,B1
2754,A1
471,C1
3271,D1
463,A1
2959,B1
2569,B0
3653,C0
4191,C3
3254,B0
1392,A0
3708,D2
2999,A0
1121,C4
2165,A1
4705,A1
1719,C1
2922,D0
3095,D4
2103,B3
3031,D2
46,D1
3215,B2
2391,D4
1820,C2
3993,B2
1190,B3
1993,C1
4838,C4
1220,D4
1279,B1
3142,A2
2593,B4
4741,B0
3913,B1
3572,D0
1999,C0
1324,B3
1919,A4
859,A0
630,D0
323,C2
271,D4
3363,D4
4151,A3
3246,A2
3776,B2
3567,A4
1752,A2
4244,A3
3465,A2
4686,C0
2126,D1
3495,A3
276,B3
4287,C0
4625,A0
1779,C4
1970,D1
3789,B0
3122,C1
1056,B2
2107,C0
2835,A1
2882,A3
4232,A1
1964,A0
1307,D4
2362,B1
652,D0
1226,D0
2465,D4
4440,D2
393,A1
966,D3
3022,D0
1215,D0
1020,D0
2854,C4
4747,B1
4257,C4
1116,A1
3507,D3
79,C0
3992,B3
2035,C4
1371,D1
3153,B0
1151,A4
3527,D3
10,A3
847,D2
3060,D0
3909,B2
2118,C0
280,D4
1725,D2
1253,A4
3731,D4
3412,B4
4386,B0
112,C1
2080,B1
326,B2
64,D4
369,A4
4164,D2
2584,A0
2600,C2
95,A2
2660,B4
2914,C1
1547,C2
3402,C3
569,D0
806,A3
2473,A0
535,B4
1592,B2
3512,C2
672,A3
1646,C2
2745,D2
2784,C2
1655,A3
1866,D0
38,A4
3726,B1
1690,D0
4608,D2
1980,D1
3807,A4
1730,D4
324,B0
460,B0
4951,B0
2238,C1
789,A0
4034,B0
160,A2
2269,C0
468,C4
3623,A1
3690,D2
4454,A2
3127,A1
2891,A0
843,A2
1193,D2
1055,B3
4518,A3
2634,A4
3833,D3
467,A3
4140,C0
384,B1
347,B2
4991,D4
1666,D1
4424,A1
1641,C3
4046,C3
2071,A2
4998,C1
1254,B4
1928,D3
2113,D2
2801,D2
2156,D2
3824,C3
1632,D4
3385,A2
752,B1
531,C3
4042,B2
1936,C0
2781,A2
4933,D1
830,B1
3298,A2
4935,D0
3621,D0
2751,C2
4655,B1
45,C0
4142,A3
3957,D1
1674,D1
178,B1
543,A3
3827,C1
4138,D1
3269,B4
848,B2
871,B1
1746,A1
318,C3
4945,D1
3157,A3
2725,B0
400,A2
3021,B1
91,C0
2539,B2
3420,B0
3030,C0
1894,C2
1046,B3
1654,D1
857,B3
3508,D1
1172,C4
4373,B1
4470,D2
2424,D0
3569,A4
4353,A1
2340,C1
2607,D1
2133,D1
2358,B1
545,D0
588,B1
266,A4
1535,C4
4090,B0
1515,B4
1218,B4
3931,C0
2154,B3
590,A2
3938,A1
3141,B3
2332,D0
3306,B1
3912,C4
3960,B4
1807,D2
2523,B2
856,D0
1617,D1
2014,B0
223,A3
3622,A3
3276,B1
2299,D1
1947,A3
657,A3
231,C1
3728,C4
4669,A1
2177,D3
680,B2
3602,D4
4714,B1
2260,C1
111,B2
261,D3
654,A0
4215,C2
3331,D4
1907,A4
4247,C2
2940,C3
2636,D2
1252,D3
4216,B4
2412,D2
894,C0
3595,D3
4601,C3
1063,D0
3941,C3
1753,B2
3646,D1
3898,C4
1093,C0
2511,C1
3105,B0
603,B2
2864,B3
385,B3
2271,D3
4079,A3
554,C4
1526,B3
1399,D1
4170,C3
56,C3
4417,D0
494,B4
655,B0
245,B4
143,A2
502,D2
3421,B1
2446,D3
4123,D2
3317,A0
458,C2
2278,C3
2231,B4
137,C1
2394,A3
4820,B2
2886,A0
2097,B2
4918,A2
2928,B1
329,B2
194,A1
613,B1
4033,B0
1170,A3
1945,D1
1495,C0
1955,A0
3884,A4
3483,A4
4882,D3
3797,A1
2001,C2
3724,A1
1387,C3
1035,C2
4500,B1
3996,D3
1983,C1
1816,B2
4863,A1
2826,B3
3831,A3
1613,D0
4988,A0
953,D2
2526,A4
4294,D4
391,D0
1772,B4
1846,C0
3324,D0
234,A4
1047,D3
3450,A3
2131,A1
2098,C1
2024,A0
3013,D0
2191,C2
4493,C0
1580,B3
3929,C4
4551,D0
4643,B3
1800,B1
2623,A3
478,B0
3745,C4
640,B1
190,D0
109,B1
3264,C3
3994,C0
4131,B4
3094,A3
1319,C1
4253,D4
2220,D3
4722,B1
4842,D1
149,D1
1312,D4
4778,D1
3643,C4
421,B4
3471,A4
2150,C3
3429,C1
665,D1
4556,B3
2856,B2
619,D4
2187,C0
2512,C1
687,B3
4263,B0
2179,D1
4226,D3
690,A3
3445,A4
1477,D4
4016,B2
3915,C4
4400,D4
4266,C2
3469,A2
1540,B2
2895,D0
1527,C2
4035,B4
3352,C1
4542,D2
2366,D2
4624,B3
4113,C2
2069,A0
3848,C1
726,C1
1896,B2
309,A1
37,B1
1021,B0
2344,D1
1879,A4
4198,B2
4472,C1
2538,A3
373,D0
1241,C0
4246,D1
3059,B2
3667,B4
3604,B1
4823,D2
312,B4
2350,C4
3414,D0
4666,D2
3984,A4
1587,D4
135,D4
3744,B1
4786,C1
2577,D4
5,C0
2306,D2
1519,B3
2354,C2
3648,B1
529,B4
3709,D0
1601,D0
240,C4
3392,D2
4719,C0
2439,C4
4866,A1
2463,A2
2558,B2
1214,A0
2944,C0
3658,A3
2533,A0
4815,C1
138,C0
4859,A0
296,B4
496,B0
3526,D3
158,C2
3187,A3
2696,D3
3479,A2
3092,D1
2312,D1
1338,D4
3064,D1
429,D1
2537,B4
1468,A2
2390,B3
4393,B0
352,C4
1128,A4
183,B3
370,D4
1381,A1
4453,C0
1479,C4
4374,B3
2923,D3
209,D0
3405,C1
2711,D4
1814,C1
2298,A0
3956,B0
3152,D0
1480,A2
2468,C2
199,D0
1736,B0
2264,D2
367,B4
4752,C2
1577,B1
3723,A3
254,B3
670,B4
4957,B1
2903,A1
3225,B0
2694,C0
684,C0
3596,D3
2982,B1
3286,C3
470,C4
2557,D2
1767,A3
4342,C1
1154,B2
992,D2
1349,B4
1870,D1
2519,B3
4837,B0
1361,A4
2499,C4
449,A0
155,C3
3819,D4
97,D1
1181,B3
3803,D4
4767,C1
185,D2
30,D0
2111,B1
2722,C3
2515,C4
4736,A0
1278,A3
4684,D4
3296,C1
1706,B1
4189,A2
4642,B4
4800,B1
3919,D4
1529,D0
3985,D1
1472,B3
3401,A3
3949,D1
4944,D4
1427,B2
698,A0
3316,D2
3417,C1
636,C2
3374,A4
2662,B3
3126,B2
1640,A3
4960,C3
1971,A1
677,D4
3273,B4
800,B4
1932,C1
511,B0
995,C2
1590,B0
1806,D4
2217,B0
3079,D1
748,A0
2617,D0
3727,B3
3314,A3
628,D1
4926,A2
3654,B1
3633,D2
3041,C1
1417,A4
1326,C3
4582,D4
1695,B1
172,C4
3017,A0
883,B0
2197,C3
4316,C4
3611,B4
4133,D4
1053,D0
33,D1
3367,A3
3178,D3
3009,B4
1133,D3
3825,C4
4626,A0
4589,D1
3350,B3
2693,D2
1973,A0
3714,D0
4688,C2
1174,B2
4810,D1
4368,A2
9,D2
3446,D2
304,A4
2198,B0
1637,C4
4478,B2
4772,C1
2915,A1
1329,A4
3974,B1
1902,C0
3290,C4
4330,B2
2638,A3
990,A0
3691,B3
1708,C3
4593,A3
2429,A1
1298,A0
444,A1
65,A1
457,D1
2877,A0
2529,D4
1285,B0
1915,B1
3868,B4
2368,C2
3258,B4
2373,B3
4117,D0
3939,D0
2637,B4
1139,B0
1142,C2
3325,C2
2023,B3
301,B0
2987,C1
4438,D0
289,C4
2806,C3
611,A4
4902,B3
3504,C0
2655,B0
2760,C4
3078,D3
1788,A3
2946,B2
2327,B2
2190,C3
814,C2
4806,A2
3005,A4
1702,C3
2726,D2
520,D4
4928,D4
547,D0
4243,D3
2708,A3
2147,B2
1622,B3
3049,D1
4331,D0
1332,A1
3802,A1
1974,B2
869,C1
128,D0
2244,B2
3010,C3
1201,C2
4968,D1
4014,B2
1257,C3
3640,D4
2661,A1
1309,B0
1926,C4
3419,A1
2659,A4
2371,A4
4743,C2
3603,B3
1530,D2
696,B4
4030,C2
766,D4
2602,A4
1006,C2
2565,B1
1871,A0
1004,D4
4448,C0
3837,D2
1811,A4
1937,D0
154,A3
2272,A1
219,B0
813,C4
438,A3
711,B1
4380,B4
2652,D0
4403,B3
4717,B1
2481,D2
63,B3
4228,B0
1002,C2
4992,B3
2052,C0
1134,D0
1572,C1
4648,A0
4419,B4
2066,C0
2471,A2
2955,C4
638,A4
1848,B1
1995,A4
4563,D0
647,D4
2993,D4
1086,A3
4571,C0
1649,D2
4264,A3
2580,B4
2906,B4
1892,B3
371,B4
4404,B3
810,D0
3549,A4
2453,C2
834,B0
1413,A3
4461,B2
3309,A2
4141,A3
4990,C4
3749,B4
2039,A3
4314,D1
1122,D1
4297,C0
3047,D1
4239,D2
1032,B4
3034,D0
1897,B0
2436,B4
382,C1
1582,A2
1950,D1
3358,A3
2808,A4
2326,B2
4930,D0
2367,A3
769,D0
305,D2
4591,A3
3045,A0
480,D0
2570,B2
2403,C0
1439,A4
16,C3
4172,B3
300,D2
3528,A3
1320,C0
3650,D3
4539,C3
2487,A2
1265,D1
3761,B3
1728,D3
4491,D3
3888,C2
4337,D4
1653,D1
2386,A0
4695,C2
2273,B4
358,C1
55,C4
171,A3
3431,A4
4194,A1
1167,D4
555,A4
1679,B4
3487,B0
1164,A1
968,D1
2561,C1
2215,D1
4760,D2
1412,B4
2505,A4
2790,B2
722,D2
1500,A0
3755,A2
4318,C3
114,C0
1161,A0
2485,A0
3818,A0
333,C4
3655,D0
1072,B4
4339,B2
1207,B2
4252,D0
2543,C0
4220,D1
4713,D4
4410,B4
195,D3
2991,C3
1975,B2
4984,B4
197,B1
757,B4
1444,C3
3977,D4
532,A4
131,B4